id,題目,分類,學層,難度(1-5),解決什麼問題,主類別,核心概念,領域,備註,測資數
1,臨時屋,練習題,其他,2,依序填滿臨時屋，算開放了幾間,迴圈與累加,迴圈累加、提前跳出,公共服務,,4
2,超商收銀結帳,練習題,其他,1,算總價、判斷付款是否足夠並找零,條件判斷/分段,加總、條件判斷,生活消費,,4
3,電影院找座位,練習題,其他,2,每段連續空位可容納K人的方式數加總,迴圈與累加,迴圈累加、數學規律,生活消費,"每段 max(0,s-K+1)",4
4,大富翁,練習題,其他,3,環形棋盤擲骰結算金額(下限0),模擬與狀態機,模擬、環狀/模數、條件判斷,遊戲,,4
5,可口便當,師大題目,其他,2,統計套餐數量再依指定順序輸出,清單與計數統計,計數統計、清單,生活消費,與#63相同,2
6,短片欣賞,師大題目,其他,3,連續K場中最多能看到幾部喜歡的短片,搜尋與枚舉,滑動視窗、計數統計,生活娛樂,與#12同型,2
7,最大公因數,練習題,其他,3,多個整數的最大公因數,數學/數論,數論(GCD)、迴圈,數學,,4
8,傳球遊戲,練習題,其他,2,圍圈隔K人傳球直到回到起點,模擬與狀態機,模擬、環狀/模數,遊戲,,4
9,找零錢計算,練習題,其他,3,庫存限制下用最少硬幣找零,貪婪策略,貪婪、清單,生活消費,貪婪+庫存判斷,3
10,班服投票,114桃園市國小,國小,2,三款班服計票找最高票、平手重投,清單與計數統計,計數統計、條件判斷,學校,,3
11,棒球場的座位,114桃園市國小,國小,3,座位號碼換算成區/排/位,條件判斷/分段,整數除法、餘數、分段條件,生活娛樂,,3
12,挑選喜歡的午餐區間,114桃園市國小,國小,3,連續K天中最愛餐點出現最多次的區段,搜尋與枚舉,滑動視窗、計數統計,學校,與#6同型、多個目標字母,3
13,綠能任務挑戰,114桃園市國小,國小,3,環形地圖擲骰累計能量(上限50、歸零補5、記錄最高),模擬與狀態機,模擬、環狀/模數、上下限,遊戲,#4進階版,3
14,購買紀念品,114桃園市國中,國中,3,有限預算與庫存下買最多件紀念品,排序,貪婪、排序,生活消費,便宜先買,4
15,攻擊防禦力平衡,114桃園市國中,國中,3,從3件道具挑最少件讓攻擊=防禦,搜尋與枚舉,枚舉/窮舉、條件判斷,遊戲,子集合枚舉,3
16,檢查碼,114桃園市國中,國中,2,驗證會員卡檢查碼是否合法,字串處理,字串處理、餘數,生活消費,,2
17,校園販賣機自動補貨,114桃園市國中,國中,1,庫存低於10自動補到20，算總罐數,條件判斷/分段,迴圈累加、條件判斷,學校,,3
18,偶數和 (Even Sum),114年台南市國小,國小,1,區間內所有偶數和,迴圈與累加,迴圈累加、條件判斷,數學,,2
19,三角形 (Triangle),114年台南市國小,國小,1,三邊能否構成三角形,條件判斷/分段,條件判斷,數學,,2
20,刮刮樂 (Scratch Card),114年台南市國小,國小,1,三位數中6的個數決定獎金,條件判斷/分段,計數統計、條件判斷,遊戲,,4
21,遊樂場 (Amusement Park),114年台南市國中,國中,2,兒童/成人/套票最便宜組合,條件判斷/分段,條件判斷、數學規律,生活娛樂,"min(兒,成)套票",2
22,歌唱比賽 (Singing Contest),114年台南市國中,國中,2,去最高最低後平均,清單與計數統計,排序/極值、平均,學校,,3
23,質數和 (Prime Sum),114年台南市國中,國中,3,區間內質數和,數學/數論,數論(質數)、迴圈,數學,,3
24,奇緣蛋糕特賣,114年A縣市題目,其他,2,依購買數量分段折扣算蛋糕總價,公式計算,分段條件、公式,生活消費,折扣表在資料中缺漏,2
25,健康小管家,114年A縣市題目,其他,2,BMI計算與分級,公式計算,公式、四捨五入、分段條件,健康,與#37相同,2
26,鋼琴音樂小才子計分挑戰,114年A縣市題目,其他,2,7位評審去最高最低求總分,清單與計數統計,排序/極值、加總,學校,與#38相同,2
27,幸運號碼大樂透,114年A縣市題目,其他,2,5個號碼對中幸運號碼幾個算獎金,清單與計數統計,集合比對、計數統計、查表,遊戲,與#39相同,2
28,魔法公車車票計算,114年A縣市題目,其他,2,公車跨區票價與半票,條件判斷/分段,條件判斷,生活消費,與#41相同,3
29,幸運數字彩虹樂透,114年A縣市題目,其他,2,6個號碼對中開獎號碼幾個算獎金,清單與計數統計,集合比對、計數統計、查表,遊戲,,2
30,我的健康小管家,114年A縣市題目,其他,2,BMR計算與分級,公式計算,公式、分段條件,健康,與#42相同,2
31,東台線上 3C 購物平台,114年A縣市題目,其他,2,依商品編號查價、以-1結束結帳判斷餘額,條件判斷/分段,查表、哨兵迴圈、條件判斷,生活消費,,2
32,程式設計師阿倫,114A校校內評選,其他,2,前兩天之和的數列第N項,迴圈與累加,數列遞推(費氏)、迴圈,數學,,3
33,超市採購即時通,114A校校內評選,其他,1,數量×單價逐筆累加並即時輸出,迴圈與累加,迴圈累加,生活消費,,2
34,金門小三通春運調度,114A校校內評選,其他,3,每小時固定船+加班船的載運模擬,模擬與狀態機,模擬、佇列概念、條件判斷,公共服務,,3
35,數位能量方塊實驗,114A校校內評選,其他,4,三顆骰子依組合規則調整能量，連續3次無效歸零,模擬與狀態機,多條件分類、狀態計數、模擬,科學/遊戲,,4
36,糖尿病血糖趨勢與預警分析,114A校校內評選,其他,4,血糖進入異常區間事件計數與最大連續趨勢差,模擬與狀態機,狀態轉換、趨勢分段、模擬,健康,,2
37,健康小管家,114年新北市國小,國小,2,BMI計算與分級,公式計算,公式、四捨五入、分段條件,健康,與#25相同,2
38,鋼琴小天才計分挑戰,114年新北市國小,國小,2,7位評審去最高最低求總分,清單與計數統計,排序/極值、加總,學校,與#26相同,2
39,幸運號碼大樂透,114年新北市國小,國小,2,5個號碼對中幸運號碼幾個算獎金,清單與計數統計,集合比對、計數統計、查表,遊戲,與#27相同,2
40,小隊長的奇數號碼,114年新北市國小,國小,1,區間內所有奇數和,迴圈與累加,迴圈累加、條件判斷,數學,與#18同型,2
41,航運費用計算,114年新北市國中,國中,2,航道跨水門費用與小船半價,條件判斷/分段,條件判斷,公共服務,與#28相同,3
42,我的健康小管家,114年新北市國中,國中,2,BMR計算與分級,公式計算,公式、分段條件,健康,與#30相同,2
43,智慧倉儲,114年新北市國中,國中,3,依貨物尺寸分配最小可用櫃子並統計,貪婪策略,分類、貪婪分配、清單計數,生活消費,,3
44,王牌教練,114年新北市國中,國中,4,從4~5名選手選4人排棒序使總時間最短,搜尋與枚舉,排列枚舉、最小化,學校,5P4=120種,3
45,圓柱體積計算,114年新竹縣國小,國小,1,圓柱體積(π=3.14)輸出兩位小數,公式計算,公式、格式化輸出,數學,,2
46,身體質量指數計算與健康判斷,114年新竹縣國小,國小,2,BMI計算與三級判斷,公式計算,公式、四捨五入、分段條件,健康,,2
47,房間磁磚的購買計算,114年新竹縣國小,國小,2,房間面積換算最少磁磚包數,公式計算,公式、無條件進位,生活消費,,2
48,美味餐車三明治多重折扣與利潤計算,114年新竹縣國小,國小,2,成本加成定價、分時段折扣、判斷利潤,公式計算,公式、四捨五入、分段條件,生活消費,,2
49,雲端資料備份硬碟統計,114年新竹縣國小,國小,2,依序填滿雲端硬碟算用了幾顆，超量報錯,迴圈與累加,迴圈累加、提前跳出、錯誤處理,科技,#1進階版,2
50,綠色節能競賽:電價分段計費與成本分析,114年新竹縣國小,國小,3,四段累進電價計費並找最低/最高戶,清單與計數統計,累進計費、極值搜尋、四捨五入,公共服務,,2
51,射箭比賽成績計算,114年新竹縣國中,國中,2,射箭依與前一箭比較給倍率算總分,清單與計數統計,序列相鄰比較、條件判斷,運動,,2
52,猜數字,114年新竹縣國中,國中,2,猜數字XAYB比對,清單與計數統計,陣列比對、計數統計,遊戲,,2
53,寶可夢訓練師,114年新竹縣國中,國中,3,寶可夢屬性依出現順序合併計數,清單與計數統計,關聯計數(字典)、保持順序,遊戲,,2
54,機器人行走軌跡,114年新竹縣國中,國中,3,解析U5/D3指令移動機器人並限制邊界,字串處理,字串解析、模擬、邊界檢查,科技,,2
55,學校運動會,114年新竹縣國中,國中,3,班級依分數排序輸出前半名單,排序,排序(帶名稱)、四捨五入,學校,,2
56,機器人跳樓梯,114年新竹縣國中,國中,4,一次最多跳K階到第N階的跳法數,動態規劃,動態規劃/遞迴,數學,爬樓梯DP,2
57,資訊競賽獎勵統計,114年金門縣國中,國中,1,依分數分級統計金銀銅佳作人數,條件判斷/分段,分段條件、計數統計,學校,與#64相同,2
58,台灣星鏈 (T-Starlink) 衛星佈署計畫,114年金門縣國中,國中,2,路段長/間隔/4種模式算衛星數,條件判斷/分段,整數除法、條件判斷,科技,#65進階版,4
59,「一杯心情」飲料調製,114年金門縣國中,國中,3,5種原料依密度降序分層(同密度保持順序),排序,穩定排序、插入排序概念,生活消費,#66進階版,2
60,猜數字小幫手,114年金門縣國中,國中,3,二分搜尋猜1~100並輸出每次猜的數,搜尋與枚舉,二分搜尋、模擬,演算法,#67進階版,2
61,風獅爺排排隊,114年金門縣國中,國中,3,氣泡排序每輪輸出並計交換次數,排序,氣泡排序、排序追蹤,演算法,#68進階版,2
62,金門坑道參觀系統,114年金門縣國中,國中,3,坑道Idle/Open/Paused/End狀態機,模擬與狀態機,有限狀態機、計數統計,公共服務,#69進階版,2
63,金門粥糜採購任務,114年金門縣國中,國中,2,統計店家數量再依取貨順序輸出,清單與計數統計,計數統計、清單,生活消費,與#5相同,2
64,資訊競賽獎勵統計,114年金門縣國小,國小,1,依分數分級統計金銀銅佳作人數,條件判斷/分段,分段條件、計數統計,學校,與#57相同,2
65,台灣星鏈 (T-Starlink) 衛星佈署計畫,114年金門縣國小,國小,1,路段長/間隔/2種模式算衛星數,條件判斷/分段,整數除法、條件判斷,科技,,2
66,「一杯心情」飲料調製,114年金門縣國小,國小,2,4種原料依密度降序分層,排序,排序,生活消費,,2
67,猜數字小幫手,114年金門縣國小,國小,3,二分搜尋猜1~100並計次數,搜尋與枚舉,二分搜尋、模擬,演算法,,2
68,風獅爺排排隊,114年金門縣國小,國小,3,4個身高排序並計算交換次數,排序,氣泡排序、逆序數,演算法,,2
69,金門坑道開關管理,114年金門縣國小,國小,2,坑道開/關兩態切換並計開放次數,模擬與狀態機,有限狀態機、計數統計,公共服務,,2
70,貨物重量計費,114年新竹市國中,國中,2,貨物重量四段累進運費,條件判斷/分段,累進計費、分段條件,生活消費,,2
71,想去遊樂園,114年新竹市國中,國中,3,兩家遊樂園各自票價規則比較,條件判斷/分段,多規則計價、配對(祖孫)、條件判斷,生活娛樂,,2
72,我是神箭手,114年新竹市國中,國中,2,依風速與距離算瞄準點偏移,公式計算,整數除法、負數運算,運動,,2
73,會員入場統計,114年新竹市國中,國中,3,驗卡號檢查碼並統計最多的會員類別(可並列),字串處理,字串處理、餘數、分類計數、並列輸出,生活消費,#16進階版,2
74,買五送一,114年新竹市國中,國中,2,飲料依價排序每第6杯免費,排序,排序、模數,生活消費,,2
75,歡樂抽獎,114年新竹市國中,國中,3,紅球+0~3白球和為7倍數的最少用球數,搜尋與枚舉,子集合枚舉、條件判斷,遊戲,,2
76,考試座位安排,114年新竹市國小,國小,1,座號換算排數與位置,條件判斷/分段,整數除法、餘數,學校,,2
77,智慧氣候監測系統 —— 氣溫變動分析,114年新竹市國小,國小,1,氣溫最大值減最小值,清單與計數統計,極值搜尋,科學,,2
78,快遞物流中心分類系統,114年新竹市國小,國小,3,奇數升序在前、偶數降序在後的裝車順序,排序,分組、排序(升/降),生活消費,,2
79,寶可夢聯盟大挑戰,114年新竹市國小,國小,2,依攻防計算戰鬥力並找最強,清單與計數統計,結構化資料、條件判斷、極值搜尋,遊戲,題目文字在資料中被截斷,2
80,省電大作戰,114年新竹市國小,國小,4,冷氣開關策略使耗電最少(空檔<5小時維持開機),貪婪策略,貪婪/DP、區段分析,生活消費,,2
81,數位顯示器,114年新竹市國小,國小,4,N條LED燈組成最大的一或二位數(不重複數字),搜尋與枚舉,枚舉/窮舉、查表,科技,七段顯示器,2
82,零用錢是否足夠,114年花蓮縣國小,國小,1,依序扣4天花費判斷哪天不夠,迴圈與累加,迴圈累加、提前跳出,生活消費,,2
83,機器人戰鬥力比對,114年花蓮縣國小,國小,2,每隻機器人與其他所有比較計積分,迴圈與累加,雙層迴圈、計數統計,遊戲,,2
84,字串內的秘密數字,114年花蓮縣國小,國小,2,字串中所有數字字元相加,清單與計數統計,字串處理、字元判斷,科技,,2
85,最佳派對地點,114年花蓮縣國小,國小,3,選一人家舉辦使距離總和最小,搜尋與枚舉,枚舉/窮舉、絕對值、最小化,生活娛樂,中位數性質,2
86,公車時刻表,114年花蓮縣國中,國中,2,依發車間隔算還要等幾分鐘,公式計算,時間換算、模數,公共服務,,2
87,連續成績進步分析,114年花蓮縣國中,國中,2,最長連續進步天數,清單與計數統計,序列相鄰比較、最長連續段,學校,,2
88,卡住的鍵盤,114年花蓮縣國中,國中,2,字串中連續出現最多次的字母,清單與計數統計,字串處理、最長連續段,科技,,2
89,外送員的接單策略,114年花蓮縣國中,國中,4,不衝突區間最多接幾單,貪婪策略,區間排程貪婪、排序,生活消費,依結束時間排序,2
90,小島越野賽(國小),114年屏東中小學,國小,5,地形格子5種移動方式的最少秒數,動態規劃,動態規劃/最短路徑、多條件,遊戲,,2
91,基地台訊號覆蓋(國中),114年屏東中小學,國中,4,N×N網格基地台訊號衰減覆蓋統計,,二維網格、曼哈頓距離、極值,科技,,2
92,考試獎勵,114年度全國賽個人賽國中組題目,國中,3,多週成績點數兌換娃娃模擬,模擬與狀態機,模擬、多層迴圈、資格判斷,學校,,2
93,簽唱會門票,114年度全國賽個人賽國中組題目,國中,4,依積分高低分群邀請、不超過人數上限、依報名序輸出,貪婪策略,排序、分群、累計限制,生活娛樂,,3
94,闖關遊戲,114年度全國賽個人賽國中組題目,國中,3,12房間依螢幕正負數移動、離開後正負翻轉,模擬與狀態機,模擬、環狀/模數、狀態翻轉,遊戲,起始設定表在資料中缺漏,3
95,火星探測車,114年度全國賽個人賽國中組題目,國中,5,電力100內選任務使科學價值最高,動態規劃,0/1背包(DP)、子集合枚舉,科學,,0
96,熱浪區間,114年度全國賽個人賽國中組題目,國中,5,門檻以上的最長遞增子序列及最早起始,動態規劃,最長遞增子序列(LIS)、DP,科學,,2
97,訊息傳遞,114年度全國賽個人賽國小組題目,國小,,(內容為圖片，資料缺),,,,缺題目/範例/測資,0
98,神奇表格,114年度全國賽個人賽國小組題目,國小,,(內容為圖片，資料缺),,,,缺題目/範例/測資,0
99,動物樂園,114年度全國賽個人賽國小組題目,國小,,(內容為圖片，資料缺),,,,缺題目/範例/測資,0
100,冰晶王國冬季仙境圖案,114年度全國賽個人賽國小組題目,國小,,(內容為圖片，資料缺),,,,缺題目/範例/測資,0
101,澆花問題,114年度全國賽個人賽國小組題目,國小,,(內容為圖片，資料缺),,,,缺題目/範例/測資,0
102,運動會,114年度全國賽個人賽國小組題目,國小,3,連續班級切成兩群使人數最接近,搜尋與枚舉,前綴和、枚舉分割點、最小化,學校,,2
